{
  "day_of_week_0": 256775.15625,
  "day_of_week_1": 159174.140625,
  "day_of_week_2": 159397.953125,
  "day_of_week_3": 213040.4375,
  "day_of_week_4": 320010.90625,
  "day_of_week_5": 944846.625,
  "day_of_week_6": 1244507.875,
  "hour_of_day_0": 503872.0625,
  "hour_of_day_1": 371601.875,
  "hour_of_day_10": 147242.6875,
  "hour_of_day_11": 149513.296875,
  "hour_of_day_12": 128718.890625,
  "hour_of_day_13": 167246.984375,
  "hour_of_day_14": 328822.78125,
  "hour_of_day_15": 433346.5,
  "hour_of_day_16": 468125.4375,
  "hour_of_day_17": 388736.21875,
  "hour_of_day_18": 137945.28125,
  "hour_of_day_19": 132823.953125,
  "hour_of_day_2": 202824.171875,
  "hour_of_day_20": 360934.28125,
  "hour_of_day_21": 421338.84375,
  "hour_of_day_22": 397582.96875,
  "hour_of_day_23": 500302.34375,
  "hour_of_day_3": 149078.765625,
  "hour_of_day_4": 175850.75,
  "hour_of_day_5": 227228.71875,
  "hour_of_day_6": 279507.0,
  "hour_of_day_7": 226883.25,
  "hour_of_day_8": 177364.34375,
  "hour_of_day_9": 176073.859375,
  "trip_distance": 122474880.0,
  "congestion_surcharge": 874087.6875
}