{
  "day_of_week_0": 9351.3935546875,
  "day_of_week_1": 4190.7939453125,
  "day_of_week_2": 5325.5771484375,
  "day_of_week_3": 7197.81884765625,
  "day_of_week_4": 2041.397705078125,
  "day_of_week_5": 4312.34521484375,
  "day_of_week_6": 6217.7373046875,
  "hour_of_day_0": 27334.109375,
  "hour_of_day_1": 39542.2421875,
  "hour_of_day_10": 11067.3212890625,
  "hour_of_day_11": 15284.482421875,
  "hour_of_day_12": 13683.6591796875,
  "hour_of_day_13": 21731.265625,
  "hour_of_day_14": 20523.73828125,
  "hour_of_day_15": 16356.1806640625,
  "hour_of_day_16": 13525.7333984375,
  "hour_of_day_17": 15323.4345703125,
  "hour_of_day_18": 9874.1171875,
  "hour_of_day_19": 15775.2724609375,
  "hour_of_day_2": 51218.0234375,
  "hour_of_day_20": 15997.525390625,
  "hour_of_day_21": 20905.779296875,
  "hour_of_day_22": 25422.927734375,
  "hour_of_day_23": 28043.73046875,
  "hour_of_day_3": 60696.4921875,
  "hour_of_day_4": 64294.046875,
  "hour_of_day_5": 46980.0859375,
  "hour_of_day_6": 32258.798828125,
  "hour_of_day_7": 21734.01953125,
  "hour_of_day_8": 14845.9423828125,
  "hour_of_day_9": 12948.6396484375,
  "trip_distance": 4403.12060546875,
  "congestion_surcharge": 3951.813232421875
}