{
  "day_of_week_0": 231122.046875,
  "day_of_week_1": 146536.46875,
  "day_of_week_2": 166586.8125,
  "day_of_week_3": 262918.40625,
  "day_of_week_4": 309177.59375,
  "day_of_week_5": 605862.6875,
  "day_of_week_6": 1003913.9375,
  "hour_of_day_0": 377315.9375,
  "hour_of_day_1": 277126.65625,
  "hour_of_day_10": 138852.46875,
  "hour_of_day_11": 159995.90625,
  "hour_of_day_12": 129428.140625,
  "hour_of_day_13": 181217.03125,
  "hour_of_day_14": 417703.90625,
  "hour_of_day_15": 542138.75,
  "hour_of_day_16": 623159.375,
  "hour_of_day_17": 461232.40625,
  "hour_of_day_18": 152148.78125,
  "hour_of_day_19": 176710.46875,
  "hour_of_day_2": 175440.890625,
  "hour_of_day_20": 413546.0625,
  "hour_of_day_21": 468839.46875,
  "hour_of_day_22": 360937.8125,
  "hour_of_day_23": 454745.125,
  "hour_of_day_3": 161499.78125,
  "hour_of_day_4": 171249.515625,
  "hour_of_day_5": 210062.71875,
  "hour_of_day_6": 254999.640625,
  "hour_of_day_7": 247146.8125,
  "hour_of_day_8": 183195.296875,
  "hour_of_day_9": 167339.59375,
  "trip_distance": 132013016.0,
  "congestion_surcharge": 966228.75
}