{
  "day_of_week_0": 439.1459045410156,
  "day_of_week_1": 277.3824768066406,
  "day_of_week_2": 232.72439575195312,
  "day_of_week_3": 465.791748046875,
  "day_of_week_4": 494.26763916015625,
  "day_of_week_5": 932.3253173828125,
  "day_of_week_6": 1870.6336669921875,
  "hour_of_day_0": 6764.2119140625,
  "hour_of_day_1": 5794.728515625,
  "hour_of_day_10": 850.1107788085938,
  "hour_of_day_11": 1068.070068359375,
  "hour_of_day_12": 1194.71337890625,
  "hour_of_day_13": 1990.2479248046875,
  "hour_of_day_14": 5701.15478515625,
  "hour_of_day_15": 7421.0791015625,
  "hour_of_day_16": 5652.62109375,
  "hour_of_day_17": 5136.4140625,
  "hour_of_day_18": 1072.64990234375,
  "hour_of_day_19": 1359.8404541015625,
  "hour_of_day_2": 5174.1298828125,
  "hour_of_day_20": 3445.8349609375,
  "hour_of_day_21": 4185.21533203125,
  "hour_of_day_22": 4040.5048828125,
  "hour_of_day_23": 5727.93017578125,
  "hour_of_day_3": 4246.8974609375,
  "hour_of_day_4": 5276.9609375,
  "hour_of_day_5": 5503.62353515625,
  "hour_of_day_6": 3589.736083984375,
  "hour_of_day_7": 1970.0284423828125,
  "hour_of_day_8": 1116.5302734375,
  "hour_of_day_9": 819.795654296875,
  "trip_distance": 13432.75390625,
  "congestion_surcharge": 457.38385009765625
}