{
  "day_of_week_0": 674.5368041992188,
  "day_of_week_1": 267.6553955078125,
  "day_of_week_2": 332.256103515625,
  "day_of_week_3": 454.9573059082031,
  "day_of_week_4": 716.8804321289062,
  "day_of_week_5": 1615.111083984375,
  "day_of_week_6": 2711.836181640625,
  "hour_of_day_0": 9083.369140625,
  "hour_of_day_1": 8410.67578125,
  "hour_of_day_10": 1078.7623291015625,
  "hour_of_day_11": 1359.9786376953125,
  "hour_of_day_12": 1506.2855224609375,
  "hour_of_day_13": 1782.5543212890625,
  "hour_of_day_14": 5833.5302734375,
  "hour_of_day_15": 7768.7548828125,
  "hour_of_day_16": 5770.30859375,
  "hour_of_day_17": 5650.021484375,
  "hour_of_day_18": 1852.90478515625,
  "hour_of_day_19": 1830.6204833984375,
  "hour_of_day_2": 6236.6552734375,
  "hour_of_day_20": 3976.7822265625,
  "hour_of_day_21": 4565.36767578125,
  "hour_of_day_22": 5508.0400390625,
  "hour_of_day_23": 6101.3701171875,
  "hour_of_day_3": 5000.466796875,
  "hour_of_day_4": 6076.68994140625,
  "hour_of_day_5": 6820.6474609375,
  "hour_of_day_6": 5425.26416015625,
  "hour_of_day_7": 2686.69189453125,
  "hour_of_day_8": 1636.029296875,
  "hour_of_day_9": 1405.014404296875,
  "trip_distance": 15407.7548828125,
  "congestion_surcharge": 507.6383361816406
}