{
  "f0": 214.2371826171875,
  "f1": 220.40785217285156,
  "f2": 127.64566040039062,
  "f3": 132.39031982421875,
  "f4": 184.45059204101562,
  "f5": 190.8234405517578,
  "f6": 365.36993408203125,
  "f7": 699.1617431640625,
  "f8": 1244.1285400390625,
  "f9": 1206.4996337890625,
  "f10": 262.4646911621094,
  "f11": 373.7832336425781,
  "f12": 353.6233215332031,
  "f13": 432.1627502441406,
  "f14": 893.5401611328125,
  "f15": 1105.4757080078125,
  "f16": 1144.5609130859375,
  "f17": 879.4937133789062,
  "f18": 335.63330078125,
  "f19": 351.3861083984375,
  "f20": 926.1377563476562,
  "f21": 782.9376831054688,
  "f22": 948.9613647460938,
  "f23": 901.5487060546875,
  "f24": 1042.2965087890625,
  "f25": 727.2135009765625,
  "f26": 925.5302734375,
  "f27": 817.3695068359375,
  "f28": 680.065673828125,
  "f29": 472.6734313964844,
  "f30": 410.56561279296875,
  "f31": 358.6025695800781,
  "f32": 4112.931640625
}