{
  "f0": 874087.6875,
  "f1": 256775.15625,
  "f2": 159174.140625,
  "f3": 159397.953125,
  "f4": 213040.4375,
  "f5": 320010.90625,
  "f6": 944846.625,
  "f7": 1244507.875,
  "f8": 503872.0625,
  "f9": 371601.875,
  "f10": 147242.6875,
  "f11": 149513.296875,
  "f12": 128718.890625,
  "f13": 167246.984375,
  "f14": 328822.78125,
  "f15": 433346.5,
  "f16": 468125.4375,
  "f17": 388736.21875,
  "f18": 137945.28125,
  "f19": 132823.953125,
  "f20": 202824.171875,
  "f21": 360934.28125,
  "f22": 421338.84375,
  "f23": 397582.96875,
  "f24": 500302.34375,
  "f25": 149078.765625,
  "f26": 175850.75,
  "f27": 227228.71875,
  "f28": 279507.0,
  "f29": 226883.25,
  "f30": 177364.34375,
  "f31": 176073.859375,
  "f32": 122474880.0
}