{
  "f0": 3951.813232421875,
  "f1": 9351.3935546875,
  "f2": 4190.7939453125,
  "f3": 5325.5771484375,
  "f4": 7197.81884765625,
  "f5": 2041.397705078125,
  "f6": 4312.34521484375,
  "f7": 6217.7373046875,
  "f8": 27334.109375,
  "f9": 39542.2421875,
  "f10": 11067.3212890625,
  "f11": 15284.482421875,
  "f12": 13683.6591796875,
  "f13": 21731.265625,
  "f14": 20523.73828125,
  "f15": 16356.1806640625,
  "f16": 13525.7333984375,
  "f17": 15323.4345703125,
  "f18": 9874.1171875,
  "f19": 15775.2724609375,
  "f20": 51218.0234375,
  "f21": 15997.525390625,
  "f22": 20905.779296875,
  "f23": 25422.927734375,
  "f24": 28043.73046875,
  "f25": 60696.4921875,
  "f26": 64294.046875,
  "f27": 46980.0859375,
  "f28": 32258.798828125,
  "f29": 21734.01953125,
  "f30": 14845.9423828125,
  "f31": 12948.6396484375,
  "f32": 4403.12060546875
}