{
  "day_of_week_0": 10158.7333984375,
  "day_of_week_1": 5561.00439453125,
  "day_of_week_2": 2688.5625,
  "day_of_week_3": 6288.2822265625,
  "day_of_week_4": 2549.207763671875,
  "day_of_week_5": 4813.1455078125,
  "day_of_week_6": 7629.6064453125,
  "hour_of_day_0": 31064.541015625,
  "hour_of_day_1": 44777.984375,
  "hour_of_day_10": 16794.376953125,
  "hour_of_day_11": 17013.947265625,
  "hour_of_day_12": 18584.283203125,
  "hour_of_day_13": 22075.880859375,
  "hour_of_day_14": 18951.5546875,
  "hour_of_day_15": 20534.59765625,
  "hour_of_day_16": 15615.2255859375,
  "hour_of_day_17": 12615.77734375,
  "hour_of_day_18": 11446.3427734375,
  "hour_of_day_19": 23237.287109375,
  "hour_of_day_2": 51520.828125,
  "hour_of_day_20": 21907.310546875,
  "hour_of_day_21": 24457.8515625,
  "hour_of_day_22": 25620.615234375,
  "hour_of_day_23": 26870.1328125,
  "hour_of_day_3": 58814.21875,
  "hour_of_day_4": 64883.859375,
  "hour_of_day_5": 59027.33203125,
  "hour_of_day_6": 36228.390625,
  "hour_of_day_7": 25335.9296875,
  "hour_of_day_8": 14671.8720703125,
  "hour_of_day_9": 13801.046875,
  "trip_distance": 4493.23681640625,
  "congestion_surcharge": 3693.129638671875
}