{
  "day_of_week_0": 209.72962951660156,
  "day_of_week_1": 122.83023071289062,
  "day_of_week_2": 102.38894653320312,
  "day_of_week_3": 199.3316192626953,
  "day_of_week_4": 197.5575714111328,
  "day_of_week_5": 272.2978515625,
  "day_of_week_6": 604.4033203125,
  "hour_of_day_0": 974.9765625,
  "hour_of_day_1": 949.0639038085938,
  "hour_of_day_10": 321.4177551269531,
  "hour_of_day_11": 419.936767578125,
  "hour_of_day_12": 431.4271240234375,
  "hour_of_day_13": 528.3295288085938,
  "hour_of_day_14": 1049.50732421875,
  "hour_of_day_15": 1628.0443115234375,
  "hour_of_day_16": 1561.802978515625,
  "hour_of_day_17": 1281.201171875,
  "hour_of_day_18": 420.3005065917969,
  "hour_of_day_19": 522.81201171875,
  "hour_of_day_2": 776.287109375,
  "hour_of_day_20": 912.9052124023438,
  "hour_of_day_21": 1129.733642578125,
  "hour_of_day_22": 861.4267578125,
  "hour_of_day_23": 984.2968139648438,
  "hour_of_day_3": 751.1617431640625,
  "hour_of_day_4": 925.6730346679688,
  "hour_of_day_5": 959.1904907226562,
  "hour_of_day_6": 734.8692626953125,
  "hour_of_day_7": 540.8026733398438,
  "hour_of_day_8": 425.0470886230469,
  "hour_of_day_9": 342.207763671875,
  "trip_distance": 4613.58154296875,
  "congestion_surcharge": 228.58499145507812
}