{
  "day_of_week_0": 36372.25,
  "day_of_week_1": 26490.654296875,
  "day_of_week_2": 17647.505859375,
  "day_of_week_3": 20146.525390625,
  "day_of_week_4": 13555.4072265625,
  "day_of_week_5": 26419.796875,
  "day_of_week_6": 27843.271484375,
  "hour_of_day_0": 285020.59375,
  "hour_of_day_1": 373037.09375,
  "hour_of_day_10": 82704.21875,
  "hour_of_day_11": 83755.0703125,
  "hour_of_day_12": 125472.875,
  "hour_of_day_13": 135741.140625,
  "hour_of_day_14": 180748.171875,
  "hour_of_day_15": 186115.0,
  "hour_of_day_16": 86881.15625,
  "hour_of_day_17": 120259.9140625,
  "hour_of_day_18": 71674.65625,
  "hour_of_day_19": 105523.234375,
  "hour_of_day_2": 503322.65625,
  "hour_of_day_20": 127212.65625,
  "hour_of_day_21": 125112.1328125,
  "hour_of_day_22": 174614.5,
  "hour_of_day_23": 213685.46875,
  "hour_of_day_3": 540942.625,
  "hour_of_day_4": 586364.5,
  "hour_of_day_5": 578664.375,
  "hour_of_day_6": 250539.28125,
  "hour_of_day_7": 148019.5,
  "hour_of_day_8": 105675.6015625,
  "hour_of_day_9": 74230.0078125,
  "trip_distance": 40761.09375,
  "congestion_surcharge": 25562.2109375
}