{
  "day_of_week_0": 224378.984375,
  "day_of_week_1": 153362.578125,
  "day_of_week_2": 167720.625,
  "day_of_week_3": 274986.75,
  "day_of_week_4": 309106.28125,
  "day_of_week_5": 586349.5625,
  "day_of_week_6": 1010532.4375,
  "hour_of_day_0": 379362.71875,
  "hour_of_day_1": 278746.125,
  "hour_of_day_10": 143629.921875,
  "hour_of_day_11": 168770.09375,
  "hour_of_day_12": 123320.4296875,
  "hour_of_day_13": 189656.953125,
  "hour_of_day_14": 426864.8125,
  "hour_of_day_15": 544394.875,
  "hour_of_day_16": 628556.25,
  "hour_of_day_17": 468932.71875,
  "hour_of_day_18": 152429.875,
  "hour_of_day_19": 169093.9375,
  "hour_of_day_2": 171440.515625,
  "hour_of_day_20": 409254.4375,
  "hour_of_day_21": 469000.4375,
  "hour_of_day_22": 359787.96875,
  "hour_of_day_23": 452774.03125,
  "hour_of_day_3": 160112.5,
  "hour_of_day_4": 169684.640625,
  "hour_of_day_5": 206518.234375,
  "hour_of_day_6": 257052.140625,
  "hour_of_day_7": 244857.234375,
  "hour_of_day_8": 184309.59375,
  "hour_of_day_9": 174529.0625,
  "trip_distance": 132002080.0,
  "congestion_surcharge": 984496.875
}