{
  "day_of_week_0": 218.4800262451172,
  "day_of_week_1": 128.76791381835938,
  "day_of_week_2": 108.2767105102539,
  "day_of_week_3": 200.5738525390625,
  "day_of_week_4": 191.99148559570312,
  "day_of_week_5": 272.7207336425781,
  "day_of_week_6": 610.9627685546875,
  "hour_of_day_0": 977.7389526367188,
  "hour_of_day_1": 935.3897094726562,
  "hour_of_day_10": 319.8884582519531,
  "hour_of_day_11": 408.644287109375,
  "hour_of_day_12": 446.8131408691406,
  "hour_of_day_13": 513.9754638671875,
  "hour_of_day_14": 972.357177734375,
  "hour_of_day_15": 1542.195068359375,
  "hour_of_day_16": 1641.1390380859375,
  "hour_of_day_17": 1214.8515625,
  "hour_of_day_18": 424.59576416015625,
  "hour_of_day_19": 485.9021301269531,
  "hour_of_day_2": 765.3594360351562,
  "hour_of_day_20": 895.52392578125,
  "hour_of_day_21": 1085.649169921875,
  "hour_of_day_22": 860.7367553710938,
  "hour_of_day_23": 982.15625,
  "hour_of_day_3": 751.701904296875,
  "hour_of_day_4": 927.2384643554688,
  "hour_of_day_5": 951.6969604492188,
  "hour_of_day_6": 745.0786743164062,
  "hour_of_day_7": 544.127197265625,
  "hour_of_day_8": 436.7525939941406,
  "hour_of_day_9": 349.75762939453125,
  "trip_distance": 4671.15185546875,
  "congestion_surcharge": 225.95750427246094
}