{
  "day_of_week_0": 10583.58203125,
  "day_of_week_1": 5478.75048828125,
  "day_of_week_2": 2816.197509765625,
  "day_of_week_3": 5522.83642578125,
  "day_of_week_4": 2562.590087890625,
  "day_of_week_5": 4856.6728515625,
  "day_of_week_6": 6975.33984375,
  "hour_of_day_0": 33647.2578125,
  "hour_of_day_1": 43482.48828125,
  "hour_of_day_10": 15434.3603515625,
  "hour_of_day_11": 14841.423828125,
  "hour_of_day_12": 25933.763671875,
  "hour_of_day_13": 19503.263671875,
  "hour_of_day_14": 13973.3623046875,
  "hour_of_day_15": 18299.65625,
  "hour_of_day_16": 14332.9892578125,
  "hour_of_day_17": 10369.205078125,
  "hour_of_day_18": 10121.6435546875,
  "hour_of_day_19": 21086.556640625,
  "hour_of_day_2": 51516.50390625,
  "hour_of_day_20": 21456.68359375,
  "hour_of_day_21": 25897.41015625,
  "hour_of_day_22": 29300.181640625,
  "hour_of_day_23": 28075.943359375,
  "hour_of_day_3": 58839.97265625,
  "hour_of_day_4": 68055.609375,
  "hour_of_day_5": 62266.9140625,
  "hour_of_day_6": 36673.43359375,
  "hour_of_day_7": 24809.240234375,
  "hour_of_day_8": 16545.15625,
  "hour_of_day_9": 13382.2548828125,
  "trip_distance": 4696.23876953125,
  "congestion_surcharge": 3927.314208984375
}