{
  "congestion_surcharge": 874087.6875,
  "day_of_week=0": 256775.15625,
  "day_of_week=1": 159174.140625,
  "day_of_week=2": 159397.953125,
  "day_of_week=3": 213040.4375,
  "day_of_week=4": 320010.90625,
  "day_of_week=5": 944846.625,
  "day_of_week=6": 1244507.875,
  "hour_of_day=0": 503872.0625,
  "hour_of_day=1": 371601.875,
  "hour_of_day=10": 147242.6875,
  "hour_of_day=11": 149513.296875,
  "hour_of_day=12": 128718.890625,
  "hour_of_day=13": 167246.984375,
  "hour_of_day=14": 328822.78125,
  "hour_of_day=15": 433346.5,
  "hour_of_day=16": 468125.4375,
  "hour_of_day=17": 388736.21875,
  "hour_of_day=18": 137945.28125,
  "hour_of_day=19": 132823.953125,
  "hour_of_day=2": 202824.171875,
  "hour_of_day=20": 360934.28125,
  "hour_of_day=21": 421338.84375,
  "hour_of_day=22": 397582.96875,
  "hour_of_day=23": 500302.34375,
  "hour_of_day=3": 149078.765625,
  "hour_of_day=4": 175850.75,
  "hour_of_day=5": 227228.71875,
  "hour_of_day=6": 279507.0,
  "hour_of_day=7": 226883.25,
  "hour_of_day=8": 177364.34375,
  "hour_of_day=9": 176073.859375,
  "trip_distance": 122474880.0
}