{
  "congestion_surcharge": 3951.813232421875,
  "day_of_week=0": 9351.3935546875,
  "day_of_week=1": 4190.7939453125,
  "day_of_week=2": 5325.5771484375,
  "day_of_week=3": 7197.81884765625,
  "day_of_week=4": 2041.397705078125,
  "day_of_week=5": 4312.34521484375,
  "day_of_week=6": 6217.7373046875,
  "hour_of_day=0": 27334.109375,
  "hour_of_day=1": 39542.2421875,
  "hour_of_day=10": 11067.3212890625,
  "hour_of_day=11": 15284.482421875,
  "hour_of_day=12": 13683.6591796875,
  "hour_of_day=13": 21731.265625,
  "hour_of_day=14": 20523.73828125,
  "hour_of_day=15": 16356.1806640625,
  "hour_of_day=16": 13525.7333984375,
  "hour_of_day=17": 15323.4345703125,
  "hour_of_day=18": 9874.1171875,
  "hour_of_day=19": 15775.2724609375,
  "hour_of_day=2": 51218.0234375,
  "hour_of_day=20": 15997.525390625,
  "hour_of_day=21": 20905.779296875,
  "hour_of_day=22": 25422.927734375,
  "hour_of_day=23": 28043.73046875,
  "hour_of_day=3": 60696.4921875,
  "hour_of_day=4": 64294.046875,
  "hour_of_day=5": 46980.0859375,
  "hour_of_day=6": 32258.798828125,
  "hour_of_day=7": 21734.01953125,
  "hour_of_day=8": 14845.9423828125,
  "hour_of_day=9": 12948.6396484375,
  "trip_distance": 4403.12060546875
}