{
  "congestion_surcharge": 214.2371826171875,
  "day_of_week=0": 220.40785217285156,
  "day_of_week=1": 127.64566040039062,
  "day_of_week=2": 132.39031982421875,
  "day_of_week=3": 184.45059204101562,
  "day_of_week=4": 190.8234405517578,
  "day_of_week=5": 365.36993408203125,
  "day_of_week=6": 699.1617431640625,
  "hour_of_day=0": 1244.1285400390625,
  "hour_of_day=1": 1206.4996337890625,
  "hour_of_day=10": 262.4646911621094,
  "hour_of_day=11": 373.7832336425781,
  "hour_of_day=12": 353.6233215332031,
  "hour_of_day=13": 432.1627502441406,
  "hour_of_day=14": 893.5401611328125,
  "hour_of_day=15": 1105.4757080078125,
  "hour_of_day=16": 1144.5609130859375,
  "hour_of_day=17": 879.4937133789062,
  "hour_of_day=18": 335.63330078125,
  "hour_of_day=19": 351.3861083984375,
  "hour_of_day=2": 926.1377563476562,
  "hour_of_day=20": 782.9376831054688,
  "hour_of_day=21": 948.9613647460938,
  "hour_of_day=22": 901.5487060546875,
  "hour_of_day=23": 1042.2965087890625,
  "hour_of_day=3": 727.2135009765625,
  "hour_of_day=4": 925.5302734375,
  "hour_of_day=5": 817.3695068359375,
  "hour_of_day=6": 680.065673828125,
  "hour_of_day=7": 472.6734313964844,
  "hour_of_day=8": 410.56561279296875,
  "hour_of_day=9": 358.6025695800781,
  "trip_distance": 4112.931640625
}